<?xml version="1.0" encoding="UTF-8"?>
<project-private xmlns="http://www.netbeans.org/ns/project-private/1">
    <editor-bookmarks xmlns="http://www.netbeans.org/ns/editor-bookmarks/2" lastBookmarkId="0"/>
    <open-files xmlns="http://www.netbeans.org/ns/projectui-open-files/2">
        <group>
            <file>file:/C:/Users/s530668/Documents/NetBeansProjects/Detne_lab12DataStructures/src/stacksanddeques/BalancedParens.java</file>
            <file>file:/C:/Users/s530668/Documents/NetBeansProjects/Detne_lab12DataStructures/src/stacksanddeques/AStack.java</file>
            <file>file:/C:/Users/s530668/Documents/NetBeansProjects/Detne_lab12DataStructures/src/linkedlists/Detne_ALinkedList.java</file>
        </group>
    </open-files>
</project-private>
